Designator,Footprint,Quantity,Value,LCSC Part #
"C1, C10, C11, C12, C2, C3, C4, C5, C6, C7, C8, C9",0603,12,100nF,C14663
"C13, C15",1206,2,10µF,C13585
"C14, C16",1206,2,22µF,C12891
"D1, D10, D11, D12, D2, D3, D4, D5, D6, D7, D8, D9",LED_WS2812B_PLCC4_5.0x5.0mm_P3.2mm,12,WS2812B,C2874885
D13,MBF-SMD_L4.7-W3.8-P2.50-LS7.0-BL,1,MB14F_C2943867,C2943867
"J1, J2",CONN-SMD_10P-P2.00_TPYE-1_SMD-10P,2,HX PM2.0-1X10P TP-YQ,C42379209
"L1, L2",L_Sunlord_SWPA4020S,2,2.2µH,C83423
"R2, R5",0603,2,100k,C25803
R3,0603,1,15k,C22809
R6,0603,1,11k,C25950
U3,DS28E05R+T,1,DS28E05R+T,C2064942
"U4, U5",STBB1-APUR,2,STBB1-APUR,C967636
