Designator,Mid X,Mid Y,Rotation,Layer
C1,223.575,-100.85,0.0,top
C10,199.7,-91.375,90.0,bottom
C11,208.475,-91.375,90.0,bottom
C12,219.023008,-89.748008,135.0,bottom
C13,214.45,-96.805526,90.0,top
C14,211.4,-105.080526,180.0,top
C15,194.075,-103.125,180.0,top
C16,196.825,-111.675,270.0,top
C2,225.275,-97.15,180.0,bottom
C3,223.575,-110.875,0.0,top
C4,225.198008,-107.048008,225.0,bottom
C5,217.325,-111.625,270.0,bottom
C6,208.475,-111.625,270.0,bottom
C7,197.926992,-113.248008,315.0,bottom
C8,196.15,-102.45,90.0,bottom
C9,191.776992,-95.901992,45.0,bottom
D1,224.45,-96.5,90.0,top
D10,204.0,-90.5,180.0,bottom
D11,212.95,-90.5,180.0,bottom
D12,222.725126,-92.224874,225.0,bottom
D13,201.775,-101.3,270.0,top
D2,224.45,-101.5,270.0,bottom
D3,224.45,-106.5,90.0,top
D4,222.725126,-110.775126,315.0,bottom
D5,212.95,-112.5,0.0,bottom
D6,204.0,-112.5,0.0,bottom
D7,194.224874,-110.775126,45.0,bottom
D8,192.5,-101.5,90.0,bottom
D9,194.224874,-92.224874,135.0,bottom
J1,208.475,-90.5,180.0,top
J2,208.475,-112.5,180.0,top
L1,217.775,-105.8,270.0,top
L2,199.725,-106.525,270.0,top
R2,210.3,-97.855526,180.0,top
R3,210.3,-95.705526,0.0,top
R5,193.725,-110.15,180.0,top
R6,193.725,-111.9,0.0,top
U3,204.424999,-107.4963,0.0,top
U4,211.375,-101.500126,180.0,top
U5,194.6768,-106.875,180.0,top
